,page,arrêt,date,juridiction
0,25," vu la loi du 28 août 1792, article article que cet article est fondé sur la présomption que les ci-devant seigneurs ont abusé de leur pouvoir ; que cette présomption ne peut évidemment s'appliquer qu'aux entreprises des ci-devant seigneurs, commises dans les lieux et au préjudice d'individus sur lesquels leur pouvoir s'étendait réellement; et par conséquent, aux seules entreprises commises dans l'étendue de leurs fiefs, au préjudice d'individus soumis à leur autorité et qui étaient leurs vassaux ; — qu'il suit de-là que pour être fondés à intenter l'action que l'article 8 de la loi du 28 août 1792 autorise, les habitans des communes doivent prouver qu'ils étaient assujétis à l'autorité et au vasselage du seigneur qu'ils attaquent ;— que, dans l'espèce, les arbitres s'étant bornés à dire (que la dame de Latouche était, à raison de son fief de Nizeau , seigneur dans Véluire, sans s'expliquer sur la question de savoir si les habitans de ce lieu avaient été ses vassaux, ils n'ont pri, dans l'état d'indécision où ils ont laissé ce point de fait, appliquer à la cause l'art. 8 de la loi du 18 août 3792;— Casse , etc. 
", 26 octobre 1808.,Section civile.
3,30," sur les conclusions conformes de M. Jourde, S. P. G. ; "" vu les art. 8 et 10 de la loi du 20 septembre 1792., et attendu , d'urne part , que la. convocation dont parle l'article 8 , doit s'entendre des actes. par lesquels l'époux demandeur obtient de l'officier municipal la désignation du jour de la première assemblée de famille, et somme l'époux défendeur de s'y trouver avec ses parens ou amis ; mais non de l'acte par lequel l'époux demandeur invite ses propres parens ou amis à se rendre à ladite assemblée , invitation qui peut même avoir lieu sans aucun acte ■ extrajudiciaire ; qu'ainsi, en. appliquant à ce dernier acte le délai d'un mois voulu par l'art. 8 , la cour d'appel de Bourges a fait' une fausse application de cet article ; — Attendu, d'autre part, que Part. 10 de la même loi n'exige entre la première et la seconde assemblée, qu'un délai juste de deux, mois ; et que, distraire de ce délai le jour de la première assemblée et le jour, de la seconde ,. ce serait y donner une extension gratuite, et ajouter ainsi à la loi: — qu'il suit de-là qu'en annullant, sous prétexte de l'inobservation du délai dont il s'agît, le divorce d'entre la dame Josset et le sieur Toupelin , la même cour d'appel de Bourges a fait une fausse, application de.l'art. 10. de la. loi,— Casse.... "" ", 25 octobre 1808 ;, Section civile. 
5,31," considérant que la responsabilité imposée aux armateurs , soit comme mandataires , soit comme associés des actionnaires et autres intéressés à l'armement, s'étend bien à tous les actes qu'ils font ou peuvent faire par eux-mêmes ; mais qu'étant autorisés par les réglemens mêmes sur la course , à nommer dans les ports où les prises peuvent être amenées , des consignataires auxquels ces mêmes réglemens délèguent le soin des intérêts communs de l'entreprise , l'obligation des arma- 28 Jurisprudence. 
teurs à cet égard porte sur un bon choix de ces mêmes consignataires , mais ne peut s'étendre jusqu'à répondre des faits de ces mêmes consignataires , que les armateurs n'ont pu prévoir ni empêcher ; — Considérant qu'il est reconnu en fait, par l'arrêt attaqué , et qu'il n'est pas même contesté par l'Administration de la marine , qu'à l'époque où le sieur Daguère a été choisi par les sieurs Bertrand et Feydeau pour consignataire de la prise le Recovery , ce négociant jouissait dans le commerce d'une réputation et d'un crédit qui n'avaient point reçu d'atteinte ; que ce choix a d'ailleurs été contesté avec l'Administration de la marine , qui l'a formellement approuvé par plusieurs actes émanés d'elle; que , dans cet état , et en décidant que la perte survenue ultérieurement par la faillite imprévue du sieur Daguère, ne pouvait être imputée aux sieurs Bertrand et Feydeau exclusivement , mais qu'elle doit tomber à la charge commune de tous les intéressés à la prise , la cour d'appel de Rennes n'a violé aucune loi ; —Rejette. ... 
", 18 octobre 1808. , Section civile. 
7,35," sur les conclusions conformes, de M. Jourde, S.P.G. ; vu l'art. 46 de la loi du 24 avril 1806, et l'art. 1328 C.N. ; — Considérant qu'il résulte de l'art. 1028 , que. les lettres non enregistrées produites par Rozella n'avaient ; à l'égard de la Régie, aucune date certaine , et ne pouvaient, en ce qui la concernait, constater l'époque à laquelle les tabacs dont il s'agit avaient été vendus ; que l'époque de cette vente n'étant justifiée ni par la tradition, ni par des actes authentiques, elle n'a pu dater respectivement à la Régie que du moment de la déclaration qui lui en a été faite ou de l'inscription sur les registres de Rozella ; que cette déclaration et cette inscription ayant eu lieu le 12 mai, après que la loi qui établit le droit réclamé"" était obligatoire, il suit que le droit étàit dû ; et qu'en en refusant la perception , le jugement attaqué a violé l'art. 1328 du Code Napoléon et l'art. 46 de la loi du 24 avril 1806. ; — Casse "," 11 octobre, 1808. ", Section civile. 
8,39," après un délibéré en la chambre du conseil; vu l'art. 1044 du Code Napoléon ; — Considérant que les trois frère et soeurs Planté sont, par une seule disposition, institués héritiers universels de Laporte, pour disposer de son entière hérédité ; que ,cette institution conjonctive n'a point été dénaturée ni altérée par l'addition, pour jouir et disposer de ladite hérédité par égales portions; que cette expression n'annonce , d'aucune manière , que le testateur ait fait des parts et ait assigné une quote à chacun des héritiers qu'il instituait; mais, au contraire, qu'en les instituant tous ses héritiers universels, il voulait que sa succession fût partagée également entre ceux qui profiteraient de l'institution : d'où il suit que, dans l'espèce, il y a lieu à l'accroissement, et que l'arrêt qui a décidé le contraire , est contrevenu à l'art. 1044 du Code Napoléon; — Casse, etc. 
", 19 octobre 1808. ," Section civile, "
9,40," sur les conclusions conformes de M. Jourde, S. P. G.; vu les articles 687, 686 et 691 du Code Napoléon; et attendu qu'il résulte de ces articles qu'une servitude ne peut être imposée que sur un fonds et en faveur d'un fonds ; d'où il suit que les actions qui en résultent sont attachées à la propriété du fonds auquel la servitude est due., et ne peuvent être exercées par celui qui n'a aucun droit à cette propriété ; — que les servitudes non apparentes et les servitudes discontinues ne peuvent s'établir que par titres ; la possession , en cette ruatière, ne peut conférer aucun droit, et ne peut autoriser aucune action ni au pétitoire, ni au possessoire ; — qu'on ne peut pas admettre qu'une possession pendant une année puisse donner quelque droit à une servitude qu'on n'aurait pu acquérir par une. possession, quelle qu'en eût été la durée;— que la coutume de Bayonne proscrivant également toute servitude sans titre, le tribunal n'a pas pu placer les parties dans l'exception renfermée dans la seconde partie de l'article 691 du Code Napoléon, qui n'est relatif qu'aux servitudes déjà acquises dans les pays où elles pouvaient s'acquérir sans titre , et par la seule possession; —attendu que le tribunal de Bayonne a réintégré les sieurs et dame Sallenave dans le droit de puiser de l'eau à la fontaine du sieur Chégaray, quoiqu'ils n'eussent aucun titre constitutif de cette servitude, et que leur possession ne fût établie que sur les aveux du sieur Chégaray, qui, en convenant que les sieur et dame Sallenave avaient puisé de l'eau à sa fontaine , ajoutait que c'était de son consentement ; — Attendu que cette réintégrande a été adjugée sur la demande du sieur Sallenave , qui n'avait aucun héritage voisin auquel cette servitude pût être attachée, et que la dame Sallenave, propriétaire d'un fonds voisin , n'avait été partie ni dans le jugement de première instance, ni en cause d'appel, devant le tribunal de Bayonne ; d'où il suit que le jugement attaqué a violé les articles précités du Code Napoléon ; — Casse, etc. ", 23 novembre 1808. , Section civile. 
10,42," attendu que la cour d'appel, en reconnaissant que le jugement du tribunal de Pont-l'Evêque, du 20 messidor an 13 , était définitif et irrévocable ; et en décidant en conséquence , que l'appel en était recevable, n'a point contrevenu à l'article 6 de la loi du 3 brumaire an 2 ;— Rejette, etc. ", 24 octobre 1808. ,Section civile. 
13,49," sur les conclusions conformes de M. Jourde, S. P. G. , et après un délibéré en la Chambre du Conseil; considérant 
qu'il est des principes qu'un individu frappé de mort civile , est incapable, d'exercer les actes qui ont leur fondement dans le droit civil, tels que les assignations, les demandes en justice et les significations, surtout lorsqu'on prétend exercer de pareils actes en qualité d'héritier , et que l'on réclame une succession; — que la nullité de ces actes, résultante de l'état de mort civile pour cause, d'émigration, n'a pas été seulement établie dans les intérêts du fisc, mais qu'elle est de droit public, et peut être proposée en tout état de cause ? même en appel, par les particuliers qui y ont intérêt : — que la Cour de Bourges n'a pas violé le sénatus-consulte du 6 floréal an 10 , en recevant l'appel dont il s'agit, puisqu'elle a reconnu qu'avant l'amnistie accordée à Angélique-Louise, de Remigny, aucun partage, acte ou arrangement définitif, n'avait été fait entre la nation et lu demanderesse; — qu'à l'époque de l'amnistie , le jugement du tribunal de Nevers , qui avait annullé le testament de J.-B. de Remigny, n'avait pas encore acquis l'autorité de la chose jugée ; car la signification 
signification nulle , et le délai de trois mois n'ayant pu courir, la Nation aurait encore pu en appeler , faculté qu'elle a transmise à l'amnistié , en lui abandonnant les droits et les biens dépendans de la succession de Remigny, père, dans l'état où ils se trouvaient dans les mains du gouvernemeut ; —Rejette , etc. 
", 23 novembre 1808.,Section civile.
14,50," considérant que dans un des motifs de son arrêt, la Cour (rappel s'est suffisamment expliquée sur l'insuffisance des actes produits par Pétronille Heeckstyl en preuve du mariage dont elle excipait ; — qu'en relevant , dans ce motif , le défaut d'insertion d'actes.,dans un registre publics fait clairement entendre qu'elle n'a vu aucune preuve légale du mariage dont il s'agit; — qu'il est évident qu'en l'absence de cette preuve légale et de possession d'état, ce mariage n'existe pas aux yeux de la loi, et ne peut par conséquent produire des effets civils. — Rejette , etc. 
", 21 novembre 1808. , Section civile.
15,51," ATTENDU qu'en décidant que l'acte dont il s'agit n'était passible que d'un droit fixe , le jugement attaqué s'est conformé aux dispositions de la loi du 22 frimaire an 7, et à l'interprétation donnée à cette loi par les avis du Conseil d'État, approuvés par Sa Majesté le 10 brumaire an 14 et le 12 décembre 1806 : — Rejette, etc. ", 19 octobre 1808. ,Section civile.
16,51," sur les conclusions de M. Thuriot, S. P. G. ; vu l'article 65 de la loi du 22, frimaire an 7 sur l'enregistrement, et attendu que, du contenu du jugement attaqué, il ne conste pas qu'il ait été rendu sur le rapport d'un des juges, et que le certificat extrajudiciaire ne peut pas suppléer, aux yeux de la loi, à la mention que doit contenir le jugement même de l'observation de cette formalité ; — Casse, etc. ", 25 avril 1808. , Section civile. 
17,68," après un délibéré en la chambre du Conseil;—Attendu que l'art. 14 du tit. 5 de la loi du 24 août 1790 , défend qu'aucun appel d'un jugement contradictoire puisse être signifié, ni avant le délai de huitaine , à dater du jour du jugement, ni après l'expiration de trois mois à dater du jour de la signification du jugement;— Que même avant l'ordonnance de 1667, il était de principe , en matière de délais , de ne point compter le jour d'où le délai pan; que l'art. 6, tit. 3 de rordonnance, veut que, dans les délais des assignations et desprocédures , ne soient comptés les jours des significations des exploits et actes, ni les jours auxquels écherront les assignations : disposition consacrée par l'art. 1033 du nouveau Code de procédure civile; — Que c'est dans la même oraison et dans la même période , que la loi de 1790 a fixé le délai de huitaine , à dater du jugement, et le délai de trois mois , à dater de la signification ; — Que s'il était question du délai de trois mois , il serait évident, d'après les dispositions précitées de l'ordonnance et du Code de procédure , que le jour de la signification ne devrait pas être compté ; qu'ainsi il doit en être de même du jour du jugement, à l'égard du délai de huitaine, puisqu'il y a identité de raison , et qu'il n'est pas vraisemblable que la loi ait voulu établir deux manières différentes de compter des délais, dont elle détermine la durée respective sur la même base , à dater du jours — Qu'en appliquant ces principes au dispositif de l'arrêt dénoncé , il en résulte qu'il a suivi le véritable esprit de la loi, en décidant que l'appel d'un jugement du 23 prairial, signifié par Poirson le premier messidor, l'avait été dans le délai de huitaine; — Rejette, etc. ", 9 novembre 1808.,Section civile. 
19,69," sur les conclusions conformes de M. Girand, subst. du proc.-gén. —Attendu qu'aucune loi ne défend au propriétaire d'aliéner sans fraude les fruits mûrs de son fonds , bien que grevés d'hypothèque, et que lorsque la vente de ces fruits est parfaite , la propriété en est transférée à l'acheteur Attendu que 
la Cour d'appel de Bourges a décidé en point de fait que les mariés Flandin avaient vendu sans fraude les fruits provenant des deux cents arpens de la forêt dont il s'agit, et que ces fruits étaient mûrs à l'époque de la vente; — Attendu qu'elle a encore décidé en point de fait, que la vente était parfaite avant la saisie mobilière dont il s'agit, la propriété en ayant été transmise au défendeur par l'effet de la tradition que les juges d'appel ont argué de la réunion des circonstances énoncées dans leur arrêt. — Rejette, etc. 
10 
66 Jurisprudence. 
", 26 janvier 1808.,Section civile. 
21,72," — Sur les conclusions conformes de M. Giraud, substitut du procureur-général, et après un délibéré en la chambre du conseil ; — Attendu, tant sur les moyens de cassation pris de l'incompétence , que sur ceux tirés du fond, que la Cour d'appel de Douay, après avoir, par un premier arrêt, qu'aucune des parties n'a attaqué, renvoyé à l'autorité administrative la question préjudicielle dont la connaissance appartenait à cotte autorité, n'a fait, dans son arrêt définitif, que se conformer à la décision donnée par le conseil de préfecture du département du Nord, décision dont il n'aurait pu s'écarter, sans entreprendre sur le pouvoir administratif, et par conséquent sans commettre un excès de pouvoir : — Rejette, etc. 
", 30 décembre 1807. , Section civile. 
24,84," sur les conclusions confirmes de M. Lecoutour, substitut du procureur-général, vu l'article 9, titre 12, de l'ordonnance de 1673, portant : connaîtront pareillement de l'exècution de nos lettres, lorsqu'elles seront incidentes aux. affaires de leur compétence, POURVU QU'IL NE S'AGISSE PAS DE L'ÉTAT OU QUALITÉ DES PERSONNES; — Considérant que les attributions des 
différentes juridictions sont d'ordre public, et que leurs limites ne peuvent être dépassées ; — Et attendu, 1° . que dans la cause il s'est agi de l'état et qualité des personnes, puisque la qualité d'Elisabeth Renouf, soit comme veuve de Gaumont père', soit comme femme du demandeur, a été' contestée ; 2°, que l'action dirigée contre le demandeur , à raison de la prétendue communauté existante entre lui et Elisabeth Renouf, qui ellemême n'était poursuivie qu'à raison de pareille communauté qui a dû exister entre elle et Gaumont père , débiteur originaire-, n'est qu'une action civile , dont la connaissance appartenait 
aux tribunaux ordinaires ; et qu'enfin , dans tout 
le cours, du procès, jusqu'au jugement définitif, le demandeur a décliné la juridiction du tribunal 
de commerce ; —Casse, etc. 
", 13 juin 1808. , Section civile. 
26,86," —Après un délibéré en la chambre du conseil, — Vu l'article 22 de l'ordonnance de 1539, qui enjoint expressément aux huissiers de laisser la copie de leurs exploits aux ajourés, ou a leurs gens et serviteurs ; et l'article 3 du titre 2 de l'ordonnance de 1667 , qui porte : tous exploits d'ajournement seront faits à personne ou à domicile , et sera fait mention en l'original et en la copie des personnes auxquelles ils auront été laissés; — Et attendu que cette disposition , loin d'avoir aboli celle de l'article 22 de l'ordonnance de 1559, a été rédigée dans le même esprit ; que c'est ainsi qu'elle a été entendue par les jurisconsultes les plus estimes , qui tous ont pensé que les copies des exploits doivent être laissées , soit à la personne elle-même , si elle est présente , soit, en son absence, à quelqu'un de sa famille , serviteurs ou domestiques , alicui ex familià ; que les termes des deux ordonnances précitées, sont encore rappelés par les articles 61 et 68 du nouveau Code de procédure civile, dont le dernier prescrit que si l'huissier ne trouve ni la partie, ni aucun de ses parens ou serviteurs, il remettra, etc. ; — Attendu que dans l'espèce, l'huissier qui a signifié la surenchère dont il s'agit, s'étant borné à faire mention qu'il a laissé la copie de ses exploits à une femme qui n'a dit son nom , de ce sommée, sans l'interpeller ni sur sa qualité, ni sur ses rapports avec les personnes auxquelles les significations étaient faites , n'a point rempli le voeu de l'ordonnance, et qu'en validant ces exploits , la Cour d'appel de Rouen est contre venue à cette loi : — Casse , etc. ", 20 juin 1808. , Section civile. 
34,99," — sur les conclusions conformes de M. Lecoutour, substitut du procureur-général;— Considérant que l'article 2281 du Code Napoléon veut que les prescriptions commencées à l'époque de la. publication du titre dont cet article fait partie , soient régies conformément aux lois anciennes ; — que les lois anciennes doivent être entendues dans le sens dans lequel elles ont été constamment exécutées; que, dans le ressort du parlement de Bordeaux, la prescription légale des fermages était de trente ans ;— que le décret impérial du 16 mars 1787 , invoqué par le demandeur, a pour objet un cas particulier qui s'est présenté dans le département de la Moselle, lequel n'a jamais fait partie du ressort du ci-devant parlement de Bordeaux; — Rejette, etc. 
", 7 septembre 1808. , Section civile. 
43,125," — Attendu que la Cour d'appel de Poitiers , en décidant que la redevance dont il s'agissait au procès , était entachée de féodalité , a fait une juste interprétation de l'acte qui la constitue ; et que cette redevance ayant été jugée seigneuriale , il y avait lieu d'appliquer la disposition de la loi du 17 juillet 1793 : — Rejette, etc. ", 10 octobre 1808. , Section civile. 
45,126,"—Considérant que les faits allégués par Crespin au sujet du plumitif tenu le jour que l'arrêt attaqué a été rendu, ne constituent pas un faux , et ne peuvent, en les supposant vrais , détruire la foi due à cet acte : — Déclare qu'il n'échet d'autoriser l'inscription de faux proposée par Crespin ; Et considérant, sur le moyen de cassation, qu'il est authentiquement prouvé, par le plumitif dont il s'agit, que MM. Duboscq et Lison. n'ont pas concouru à l'arrêt attaqué, et qu'ainsi 
De la Cour de Cassation. 
123 
le moyen est dénué de fondement ; — Rejette , etc. 
", 13 juillet 1808.,Section civile.
47,133," — Sur les conclusions de M. Lecoutour, s.-p.-g., vu l'art. 2262 du Code Napoléon, portant : ce toutes les actions, tant réelles que personnelles, sont prescrites par trente ans "" ; et attendu que par le procèsverbal procèsverbal adjudication du 28 nivose an 6, Allard, acquéreur , avait été chargé expressément d'acquitter la contribution foncière de l'année ; que cette obligation étant une charge réelle et faisant partie du prix de la vente , n'était prescriptible que par le laps de trente ans. — Attendu que le tribunal de Bressuire , en écartant par une fin de non-recevoir, la demande de la régie, a violé l'article 2262 du Code Napoléon , et fait une fausse application de l'arrêté des Consuls du 16 thermidor an 8, et de l'ordonnance de 1629, puisqu'il ne s'agissait pas du recouvrement d'impôt demandé par un percepteur, ou d'une demande en paiement de fermages , mais de la restitution d'une somme payée en l'acquit d' Allard qui avait contracté l'obligation dé l'acquitter. — Casse, etc. 
", 30 Août 1808. , Section civile. 
48,134," — Sur les conclusions conformes de M. Giraud , s.-p.-g. ; vu l'article 972 du C. N.,. et attendu que cet article , en exigeant que le testament soit dicté par le testateur et écrit par le notaire tel qu'il est dicté, ne prescrit point que la rédaction en soit faite plutôt à la première qu'à la troisième personne ; qu'il résulte de l'arrêt dénoncé que c'est parce que le notaire qui a reçu le testament dont il s'agit, l'a fait à la-troisième personne, que cet arrêt en a induit que ledit testament n'aurait pas été écrit tel qu'il avait été dicté , et que sur ce motif la Cour d'appel l'a déclaré nul ; — que le testament annullé porte que le notaire l'a écrit mot à mot à la dictée de la testatrice , ce qui remplit le voeu précité du C. N. — D'où il suit qu'en le déclarant nul , l'arrêt dénoncé a contrevenu audit article , et commis un excès de pouvoir ; — Casse , etc. ", 18 janvier 1809. , Section civile. 
49,134," — Vu les lois du 11 brumaire an 7, concernant les hypothèques et les expropriations forcées ; et attendu qu'il résulte des dispositions de ces lois , que le législateur a déterminé et réglé d'une manière précise les formalités et les conditions à remplir par l'acquéreur qui veut purger et consolider l'immeuble De la Cour de Cassation. 
131 
par lui acquis des charges et hypothèques qui pourraient le grever ; attendu que Paul Roux s'y étant conformé en faisant transcrire son acte , et en faisant, dans le délai requis , les notifications prescrites aux créanciers inscrits sur les vendeurs et les biens vendus , en conformité du contenu en l'état délivré par le conservateur. — Attendu que la loi n'avait pas soumis l'acquéreur à discuter le mérite des inscriptions, et que néanmoins l'arrêt préparatoire , en le soumettant à rapporter la preuve qu'elles frappaient réellement sur les vendeurs et les biens vendus , a ajouté à la loi ; qu'il a commis un excès de pouvoir ; qu'il a substitué un nouveau mode, pour purger les hypothèques à celui établi par les lois de brumaire an 7 et le Code Napoléon ; Casse , etc. 
", 5 janvier 1809. ., Section civile. 
51,138," — Sur les conclusions conformes de M. Daniels, substitut du procureur-général, et après un délibéré en la chambre du conseil ; vu les articles 3 , 17 , 31 et 43 de la loi du xi brumaire an 7, concernant les hypothèques ; — Et considérant que dans la ci-devant Belgique on ne reconnaissait, comme dans les pays de nantissement de la France, que des hypothèques spéciales , et que des obligations notariées n'acquéraient hypothèque aux- créanciers au profit desquels les débiteurs les avaient consenties , qu'autant que les actes contenant cette stipulation avaient été suivis de l'observation des formes prescrites à cet effet, et qui y étaient connues sous la dénomination d'auvres de loi ; — que d'après l'abolition du régime féodal en France , et la loi du 27 septembre 1790 , la transcription des actes contenant stipulation d'hypothèque, faite au greffe de la situation des biens , avait été substituée aux oeuvres de loi, pour le pays de nantissement ; 
— qu'avant la réunion de la Belgique à la France , Bouret-de-Vezelai n'avait point fait réaliser le contrat de constitution de rente viagère , dont il s'agissait, en faisant exercer les cevres de loi , et que depuis l'époque de cette réunion et de la publication dans la Belgique de la loi du 27 septemblre 1790, il n'avait point fait transcrire ledit contrat au greffe de la situation des biens dont il s'agit : en sorte qu'à l'époque du XI brumaire an 7 , il n'avait pas acquis d'hypothèque sur lesdits biens ; — Que les articles 3 et 17 de cette dernière loi veulent, pour la validité de l'inscription hypothécaire , que les bordereaux contiennent l'indication de l'espèce et de la situation des biens sur lesquels on entend conserver l'hypothèque , et que l'article 43 de la même loi n'a dispensé de la désignation de la nature et de la situation des immeubles , que pour les lieux où l'hypothèque générale était admise par les lois antérieures; — Que dans les inscriptions prises par Bouretde-Vezelai, il s'est borné à requérir l'hypothèque générale sur les biens présens et à venir des sieur et dame Guéménée , sans faire l'indication prescrite par les art. 3 et 17 de la loi du XI brumaire an 7 , et qu'ainsi ces inscriptions 
n'ont pu produire aucun effet ; — Considérant qu'il résulte de l'art. 31 de cette loi , que la faculté de requérir la surenchère ne peut être exercée que par les créanciers ayant hypothèque inscrite ; — D'où il suit que l'arrêt dénoncé a contrevenu aux articles précités de la loi du xi brumaire an 7 , en autorisant Bouret-deVezelai à provoquer la surenchère des biens dont il s'agit ; — Casse, etc. 
", 28 décembre 1808. , Section civile.
52,139," — Sur les conclusions conformes de M. Giraud, substitut du procureur-général ; — Considérant que l'art, xi du tit. 34 de l'ordonnance de 1667 a introduit un droit différent de celui établi par l'art. 92 de l'ordonnance de 1539; que la disposition de l'ordonnance de 1667 est générale, et que l'arrêt en a fait une juste application : — Rejette, etc. ", 13 février 1809. , Section civile. 
53,140,"— Sur les conclusions de M. Gi- _ raud , substitut du procureur-général ; Vu les art. 1258, §. 3 , et 1909 du Codé Napoléon ; — Attendu , en droit, 1°. que l'aliénation du capital est de l'essence du contrat de constitution ; que tel était le voeu des lois en vigueur, à l'époque du 6 décembre 1774 5 date de l'acte dont il s'agit ; que telle est encore la disposition de l'art. 1909 du Codé Napoléon ; 2°. que les offres réelles n'opèrent la libération qu'autant qu'elles désintéressent réellement le créancier ; — Attendu , en fait, 1°. qu'il a été reconnu, tant par le tribunal de première instance, que par la cour d'apel , que l'acte du 6 décembre 1774 était un contrat de constitution , qu'il a même été ainsi exécuté par les parties; 20. que les offres de remboursement effectuées en asssignats le 2,8 prairial an 3 , et réitérées en mandats le 19 prairial an 4 , n'ont point été acceptées par le créancier, qui lui-même en avait fait prononcer la nullité par jugement du 2,5 ventôse an 5 ; — Attendu enfin que la démonétisation des assignats assignats mandats, décrétée avant la demande dirigée le 29 prairial an 7, a rendu illusoires et sans aucun effet, les offres, puisqu'elles avaient été effectuées dans une monnaie qui avait cessé d'avoir cours ; — D'où il suit que la ,cour d'appel de Lyon, eu condamnant le demandeur à rembourser le capital dont il s'agit, par le motif qu'il avait offert, ce remboursement , a violé les articles 1258 et 1909 du Code Napoléon : — Casse, etc. 
", 3 janvier 1809. , Section civile. 
56,145," sur les conclusions de M. Giraud, substitut du procureur-gén. ; — Vu l'article 32 de la loi du 22 frimaire an 7. ; — Et attendu , en droit, que cet article ayant introduit, sans exception ni distinction , un droit de suite sur les revenus de l'immeuble héréditaire , en quelques mains qu'il ait passé, ce n'est pas l'héritier seulement qui est grevé de l'acquittement du droit de mutation , mais les biens de succession , quel qu'en soit le détenteur ; — Attendu , en fait, que les fruits qui ont été saisis étaient à prendre sur un héritage de la succession de Jean-Baptiste Chaine ; — D'où il résulte que le tribunal civil d'Uzès , en donnant main-levée de cette saisie , a violé l'art. 32 de la loi du 22 frimaire an 7 : — Casse, etc. 
", 3 janvier 1809. , Section civile. 
62,150,"— Sur les conclusions conformes de M. Daniels, s.-p.-g., vu l'art. 41 de la loi du 22 frimaire an 7. Et attendu que 
cet article défend expressément aux notaires de rédiger aucun acte en conséquence d'un autre , avant que celui-ci soit enregistré , encore bien que le délai de l'enregistrement ne soit pas expiré , à peine d'une amende de 50 francs : 
Que, dans l'espèce, le notaire Halot n'avait pas encore fait enregistrer la vente par lui passée le 29 novembre 1806, quand il a reçu, le 5 décembre suivant, la ratification promise ; que cette ratification ne pouvait cependant pas l'être et ne l'avait effectivement été qu'en conséquence de cette vente ; et qu'à défaut de l'enregistrement préalable de cette vente, en conséquence de laquelle cette ratification avait été reçue, ce notaire avait encouru l'amende prononcée par cet article 41 ; — Attendu qu'en refusant de condamner le notaire Halot à cette amende, sous le prétexte, que cette ratification n'était pas la conséquence, mais bien la suite et le complément de la vente, le; 
jugement attaqué a créé une distinction que la, loi n'autorisait pas : — Casse, etc. 
", 12 décembre 1808. , Section civile. 
64,152," — Vu les art. 11 et 12 de l'arrêté du gouvernement du 13 floréal an XI ; — et attendu que les personnes , les biens , les droits et les dettes des émigrés sont soumis à des lois particulières qui ont fait cesser les lois anciennes avec lesquelles ils pouvaient avoir rapport ; — qu'on ne peut pas dire que le demandeur a trouvé dans la nation un tenancier reconnaissant le devoir de la rente dont il s'agit, dans le sens de l'art. 58 de la coutume de Poitou , vu que , par des lois positives , l'hypothèque spéciale de cette rente en a été affranchie ; qu'au surplus , la nation elle-même en a été libérée dès que le défendeur a été amnistié , puisqu'il n'a reçu cette faveur qu'avec la charge de payer ses dettes , sauf quelques cas dans aucun desquels il n'est pas prouvé qu'il se De la Cour de Cassation. 
149 
trouve, et dont la connaissance n'appartient pas aux tribunaux ; — que la créance du demandeur n'a pas été liquidée, que conséquemment il a 
pu retirer ses titres , et diriger son action contre le défendeur ; — qu'il ne pourrait même renouveler sa réclamation à la charge du trésor public , qu'autant qu'il aurait acquis la preuve bien complète que le défendeur n'a récupéré aucun de ses biens confisqués, et qu'il n'a pas des biens suffisans pour payer la rente en question ; — qu'il résulte de ce qui précède, que la Cour d'appel de Poitiers, en déclarant le demandeur non-recevable , a fait une fausse application de l'art. 58 de la coutume de Poitou , et violé les art. 11 et 12 de l'arrêté du Gouvernement, du 11 floréal an XI, ; — Casse, etc. 
", 15 novembre 1808. , Section civile. 
67,156," — Vu l'art. 5, etc. et attendu que d'après ce même article, les nullités des exploits devant être proposées seulement dans les défenses, il n'est pas nécessaire qu'elles le soient dans l'acte de présentation ; d'où il suit que la simple présentation ne couvre pas par elle-même ces nullités ; et qu'ainsi l'arrêt attaqué, en décidant le contraire, a violé l'art. 5 du titre 5 de l'ordonnance de 1667. — Casse , etc. ", 9 janvier 1809. , Section civile. 
68,156," — Sur les conclusions de M. Giraud , substitut du proc-gén. ; — Attendu que l'art. 8 , sect. 3 de la loi du 20 septembre 1792, portant que , dans tous les cas de divorce, il sera alloué une pension alimentaire à l'époux De la Cour de Cassation. 
155 
divorcé qui se trouvera dans le besoin, il n'est pas possible d'en exempter le cas du divorce prononcé pour cause d'émigration ; — Attendu que cette loi n'a pas réduit l'obligation de fournir une pension alimentaire au seul cas d'un besoin absolu, et qu'elle a laissé à l'arbitrage des juges à déterminer la nature des besoins qui peuvent autoriser un époux divorcé à demander une pension alimentaire; d'où il suit que la Cour d'appel de Rouen, après avoir déclaré que le sieur Devenois n'était pas dans un état de besoin absolu, a pu néanmoins lui adjuger une pension alimentaire, en se fondant sur la position respective des parties ; — Attendu 
que la pension alimentaire due à l'époux divorcé qui se trouve dans le besoin, est indépendante de tous les arrangemens qui peuvent avoir été pris pour la liquidation des droits des deux époux; d'où il suit que l'action qui en résulte ne peut pas être repoussée par le sénatus-consulte de floréal an 10 : — Rejette, etc. 
", 28 février 1809. ,Section civile.
69,158," — Après un long délibéré en la chambre du conseil ; — Attendu qu'il résulte de l'ensemble des dispositions de la loi du 11 brumaire an 7, relatives aux ordres et distributions, notamment de l'article 34 , que la faculté d'appeler n'appartient à un ou plusieurs créanciers , qu'autant que, ceux-ci ont élevé des contestations sur la validité , soit des inscriptions , soit des titres et pièces des autres créanciers ; — Que dans l'espèce , le demandeur n'a contesté ni les inscriptions , ni aucune des créances de ceux qui ont figuré dans l'ordre ; et que par conséquent., en le déclarant non-recevable-dans son appel, l'arrêt attaqué a fait une juste application de la loi : — Rejette, etc. 
", 6 mars 1809. , Section civile. 
70,159,"LA COUR ; — Sur les conclusions conformes de M. jourde, substitut du procureurgénéral ; vu les articles 1822 et 1325 du Code Napoléon ; — Attendu, en droit, que les actes qui doivent être faits doubles , sont ceux qui énoncent des engagemens respectifs ; que ce n'est que dans le concours simultané de plusieurs parties qui contractent , que les actes doivent être faits en autaat d'originaux qu'il y a de parties ayant un intérêt distinct; .—Attendu , en fait, que la soumission inscrite sur les registres du bureau de l'enregistrement, procède du fait seul du sieur Collin ; que cette soumission n'est obligatoire qu'à l'égard du sieur Collin, qui seul a contracté l'engagement de , payer la somme de 836 fr. pour supplément du droit proportionnel ; — D'où il suit que le tribunal civil de Bruxelles a fait, dans l'espèce, une fausse application de l'art. 1325 du Code Napoléon , et violé l'art. 1822,, en déclarant nulle l'obligation du sieur Collin , exprimée dans l'acte du 20 frimaire an 13 : — Casse, etc. ", 26 octobre 1808. , Section civile. 
75,173,"—Vu l'article 5, titre 27 de l'ordonnance de 1667; Attendu que Louis Pellegrini s'était pourvu contre Léonard Giovani , afin de le faire condamner, en qualité d'héritier testamentaire de Marie-Anne-Catherine Fiarelli, son épouse , à lui payer la somme de 10,000 fr. 
Attendu que , par le jugement du tribunal civil de Bastia, en date du 6 thermidor an 12 , Giovani a été en effet condamné au paiement de cette somme en ladite qualité d'héritier testamentaire de son épouse ; 
Attendu que Pellegrini n'ayant point interjeté appel de ce jugement, il avait acquis contre lui l'autorité de la chose jugée ; 
Attendu qu'il s'ensuit que l'arrêt du 11 fructidor an 13 , en ordonnant à Giovani de justifier la qualité d'héritier testamentaire de son épouse, que ledit jugement du 6 thermidor an 12 lui avait reconnue -, et l'arrêt définitif du 3 mars 1806 , en anéantissant tous les actes de la procédure , et en réservant aux parties les droits qu'elles pouvaient avoir relativement à la succession de Marie-Arme-Catherine Fiarelli, ont 
formellemeut contrevenu à l'article 5 ci-dessus cité du titre 27 de l'ordonnance de 1667 : 
La Cour casse et annulle lesdits arrêts des 11 fructidor an 13 et 3 mars 1806, etc. 
", 2 mai 1808. , Section civile. 
76,174," — Vu le § 7 de l'art. 69 de la loi du 22 frimaire an 7, qui comprend au nombre des actes passibles du droit proportionnel de quatre pour cent les rétrocessions et tous actes civils et judiciaires , translatifs de propriété ou d'usufruit de biens-immeubles à titre onéreux ; Attendu que , par l'effet nécessaire de l'échange des stipulations , la propriété du domaine du Vivier a passé sur la tête du sieur Landry , par l'acceptation que celui-ci a faite de la déclaration de command faite en sa faveur par le sieur Pierrat, et qu'elle n'a pu repasser au sieur Pierrat sans donner lieu à l'ouverture du droit ; 
Que le préparatoire ordonné ne préjuge rien au contraire, puisqu'il ne porte que sur des faits que la régie eût pu avancer sans nuire à sa demande ; 
Effectivement, il était indiférent que Landry fût pauvre , que Pierrat eût payé le domaine , en eût joui, eût même été reconnu comme propriétaire ; tout cela n'empêchait pas que Pierrat ne dût un droit pour avoir reçu de Landry une propriété qu'auparavant il avait cédée à ce dernier ; 
Qu'ainsi le jugement attaqué a été rendu en contravention à la loi ci-dessus citée : 
Casse et annulle le jugement du tribunal d'arrondissement de Barbezieux, du 4 vendémiaire an 14, etc. 
", 9 mai 1808. , Section civile. 
78,186," — Attendu qu'aux termes de l'article 2, tit. 12 de l'ordonnance de 1673 , ( article publié dans le ci-devant Piémont, le 24 firimaire an 10 ), il est de l'essence d'une lettre de change qu'elle soit tirée d'une place sur une autre place ; que si la lettre est tirée d'une place sur la même place , entr'autres personnes que des négocians et pour des causes étrangères au commerce , elle ne peut être considérée que. comme une simple promesse dont la connaissance appartient aux tribunaux ordinaires; que cet ancien principe est consacré par les art. 112 et 636 du nouveau Code de commerce ; que l'arrêt dénoncé a reconnu, en point de fait, que les lettres dont il s'agit, bien que datées de Moncalieri, avaient été souscrites à Turin ; que Porta tireur , et Biandra accepteur , n'étaient pas négocians, et qu'il s'agissait d'actes simulés , étrangers au commerce , et suspects de fraude , auxquels Belz , quoique tiers-porteur , avait néanmoins participé : — Rejette, etc. "" ", 26 décembre 1808. ,Sect. civ. 
81,205," après un délibéré en la chambré du conseil, vu les art. 151, 372 et 488 du Code Napoléon ; — Considérant que si la loi établit des règles pour maintenir les enfans dans le respect et la déférence qu'ils doivent à leurs père et mère , elle veut aussi que les enfans majeurs qui veulent contracter mariage , jouissent de la liberté qu'elle leur accorde à cet égard par les articles précités ; — Considérant qu'en subordonnant la décision à intervenir , à des mesures que la loi n'impose pas , l'arrêt attaqué prive la demanderesse de la liberté dont la loi veut que les majeurs jouissent, et que , sous ce rapport , il y a excès de pouvoir : — Casse, etc. ", 21 mars 1809. , Section civile. 
82,206,— Considérant que l'arrêt soumet la décision à intervenir à une épreuve ; que dès-lors cet arrêt est interlocutoire et peut être attaqué par voie de cassation ; — Rejette la fin de non-recevoir. , 9 mars 1809., Section civile. 
83,207," — Sur les conclusions de M. le procureur-général Merlin , et après un délibéré en la chambre du conseil ; — Attendu que la loi du 10 septembre 1807 doit être considérée comme une loi de police , une mesure de sûreté prise dans l'intérêt national contre les débiteurs étrangers , laquelle ne porte aucune atteinte à la substance ni à la nature de leurs engagemens, mais est seulement introdu ctive d'un nouveau mode, pour parvenir à l'exécution desdits engagemens ; qu'une telle mesure est de sa nature susceptible d'une application instantanée , et n'admet aucune exception prise de l'antériorité de la dette ; qu'ainsi , en confirmant à l'égard du demandeur en cassation l'application qui lui avait été faite de la loi du 10 septembre 1807 , l'arrêt attaqué n'a pas donné à cette loi un effet contraire à son voeu. ", 22 mars 1809. , Section civile. 
84,207," — Vu les art. 805 et 480 du Code de procédure; — Et attendu qu'il résulte du premier de ces articles que tout jugement rendu sur une demande en élargissement doit être précédé des conclusions du ministère public, et qu'il résulte du second que le défaut de communication au ministère public, dans les cas où la loi exige son audition , donne ouverture à la requête civile contre les arrêts infectés de ce vice; qu'il suit de-là, qu'en rejetant la requête civile présentée par le sieur Swan , contre l'arrêt de la Cour d'appel de Paris., du 2 août 1808, et fondée sur ce que cet arrêt n'avait pas été précédé des conclusions du ministère public , la Cour d'appel de Paris a violé les art. 895 et 705 du Code de procédure : — Casse, etc. ", 22 mars 1809. , Section civile. 
85,210," — Vu l'article 456 du Code du 3 brumaire an 4 , et attendu que la signature apposée au pied de l'acte qui fait le sujet de la prévention , n'est pas déniée ; qu'elle n'est point arguée de faux , que la prévention ne porte que sur une substitution faite contre l'intention de Fouqueré , d'une vente qu'il ne prétendait pas faire, à une procuration qu'il voulait donner sur une signature par lui livrée en blancseing , sans nécessité et volontairement ; — Que cette substitution , en la supposant réelle , n'ayant pas eu lieu dans un acte authentique , ni par le fait d'un officier public , chargé par la loi de recevoir et dé constater les conventions particulières , mais par des individus sans caractère public, sur un blanc-seing, librement et imprudemment donné par l'effet d'une confiance indiscrète ; celte substitution qui n'a pas le caractère matériel de faux , ne saurait non plus en avoir le caractère moral ; — Que les crimes qui attentent à la propriété , se composent en effet non-seulement du préjudice qu'ils causent, et de l'intention qui les produit, mais encore de la difficulté de s'en garantir ; qu'ainsi, dans la combinaison du code pénal et des lois correctionnelles , les vols prennent le caractère de crime , ou ne constituent que de simples délits correctionnels, suivant qu'il a été plus ou moins difficile de les prévenir ou de s'en mettre à l'abri ; — Que les lois conservatrices de l'ordre social ont voulu arrêter, ou réprimer, par l'effroi dé la peine, les atteintes portées à la propriété avec violence , ou par l'abus d'une confiance nécessaire ; mais que leur protection se restreint lorsque ces atteientes ont pu être inspirées et déterminées par une imprudence grave ou une confiance aveugle ; — Que celui qui, volontairement, donne un blanc-seing dont on abuse pour le remplir d'une manière contraire à ses intentions , est dans le même cas que celui qui signe indiscrètement et sans le lire, un acte privé qu'il n'a point écrit ; — Que dans un cas comme dans l'autre, l'imprudence qui a provoqué ou du moins fait réussir une supposition d'acte , que la prévoyance la plus ordinaire aurait prévenue , ôte à cette supposition d'acte le caractère moral qui constitue lé faux prévu par les art. 4 et 42 de la sect. 2 , tit. 2 du Code pénal ; — D'où il résulte que la cour de justice criminelle spéciale du département de la Sarthe , en se déclarant compétente par l'arrêt qu'elle a rendu, le 29 septembre dernier , sur le vu de la procédure instruite contre Charles Lefrançois, Jacques Lefrançois son fils , Pierre-Jean Lefrançois dit ","pont, et Pierre ", René 
88,213," — Sur les conclusions conformes de M. Jourde , substitut du procureurgénéral , vu l'art. 16 de la loi du 7 janvier 1791 , et les art. 10 et 11 du tit. 2 de celle du 25 mai de la même année ; — Considérant que l'art. 16 de la loi du 7 janvier 1791 a rangé au nombre des cas de déchéance des brevets d'invention , celui où tout inventeur , ou se disant tel, qui serait convaincu d'avoir obtenu une patente pour des découvertes déjà consignées et décrites dans des ouvrages imprimés et publiés , et que dans l'espèce, il ne s'agissait point d'une action principale en déchéance , mais d'une action en trouble, que Pierre-Louis Caron prétendait avoir souffert dans l'exercice de son droit privatif, contre laquelle Jean-Louis Tellier et François Lambert opposaient qu'ils étaient en possession ( avant l'obtention du brevet concédé à Caron) , de faire les perruques décrites dans ledit brevet ; — Que les art. 10 et 11 , tit. 2 de la loi du 25 mai 1791, veulent, dans le cas de cette dernière action, que le juge de paix entende les parties et leurs témoins , et qu'il ordonne les vérifications qui pourraient être nécessaires ; et qu'ainsi le juge de paix du deuxième arrondissement de Paris s'était conformé à ces articles , en ordonnant, par son jugement du 24 novembre 1806 , une expertise à l'effet de reconnaître s'il était vrai , comme lesdits Tellier et Lambert l'avaient articulé, qu'ils fussent en possession , avant l'obtention dudit brevet, de fabriquer les perruques dont il s'agissait ; — Et attendu qu'il s'ensuit que le jugement dénoncé, en infirmant celui du juge de paix du 24 novembre 1806, et ceux qui l'avaient suivi , comme ayant ordonné une vérification autre que celle autorisée par l'art. 16 de la loi du 7 janvier 1791, a fait une fausse application de cet article , et violé les art. 10 et 11 de la loi du 25 mai de la même année : — Casse , etc. ", 20 décembre 1808. , Section civile. 
89,224," — Vu les articles 873 et 2017 du Code Napoléon, et considérant que le cautionnement est un acte licite de sa nature ; que l'usage de ce contrat admis dans l'ancien droit a été maintenu par le Code Napoléon ; que les engagemens des cautions passent à leurs héritiers , qui en sont tenus personnellement pour leur part et portion virile , et hypothécairement pour le tout, sauf leur recours contre le principal obligé ; — Que le cautionnement De la Cour de Cassation. 
221 
n'a pour objet direct que la sûreté de la tiercepersonne au profit de laquelle il est consenti; 
— Que cautionner sans fraude et pour cause légitime , un successible , ce n'est point enfreindre la prohibition de l'avantager au préjudice de ses cohéritiers, puisque , d'une part, 
suivant la définition du droit, on n'entend par avantage que ce qui est donné à quelqu'un audelà de ce que la loi lui attribue ; et que d'autre part, le fidéjusseur , bien loin de rien donner à ce successible , acquiert contre lui une action éventuelle, soit en garantie, soit en indemnité ; 
— Que s'il fallait entendre le précepte de l'égalité dans le sens de l'arrêt attaqué , la plupart des relations de bienveillance seraient interdites entre les père et mère et leurs enfans , et ceux-ci se trouveraient le plus souvent écartés de toutes les affaires , de tous les emplois dans lesquels il faut être cautionné. — Considérant qu'il n'a point été articulé, soit en première instance , soit en cause d'appel, que le cautionnement donné par la mère fût frauduleux, ou qu'il eût été fait à une personne interposée , qu'il a même été maintenu par l'arrêt dénoncé sur la portion virile de Guillemin fils ; — Casse , etc. 
", 5 avril 1809. , Section civile. 
95,245," vu la loi 3, au Code de prescriptione 30 vel 40 annorum, l'article 1er. du titre 3 de la loi du 20 août 1792, et l'art. 71 de l'ordonnance de 1510;—Et attendu que cette ordonnance n'a pas été publiée dans le ci-devant Comtat Venaissin ; que conséquemment l'autorité des lois romaines a continué, quant à cette matière, de régir ce pays jusqu'à la promulgation du Code Napoléon, dont l'art. 2277 a restreint le temps de la prescription pour les arrérages des rentes et des intérêts ; Attendu, d'un autre côté, que la loi du 20 août 1792, art. 1er., titre 3, ne concerne que les rentes foncières et les rentes seigneuriales dont l'existence était alors conservée; que par conséquent, cette loi ne pourrait pas non-plus recevoir d'application aux rentes dont il s'agit ; qu'ainsi, le tribunal civil de Carpentras , en restreignant à cinq ans la prescription pour la demande des arrérages de rentes constituées, a violé la loi générale du pays, qui n'admettait pour les actions personnelles que la prescription de trente ans, et a, en même temps, faussement appliqué l'ordonnance de 1510 et la loi du 20 août 1792. —Casse, etc. ", 19 avril 1809. ,Section civile. 
96,247," après un délibéré en la chambre du conseil, vu ces articles ; — Et considérant que si de l'article 1er., chap. 1er. de la coutume de Sole, on peut conclure que le pays régi par 31* 
244 
Jurisprudence 
cette coutume, était un pays de franc-aleu, il n'en résulte autre chose, sinon que sous le ressort de cette coutume , comme sous celui des coutumes les plus allodiales, il n'y avait pas de seigneur sans titre ; — Considérant que les guerres civiles et religieuses ayant détruit dans cette contrée les titres des différens propriétaires, il fut passé, en 1628 et 1629, différentes reconnaissances dans lesquelles l'un des auteurs de Ruthie traite et stipule en qualité de seigneur dire et des maisons et dépendances dont il s'agit : il y parle des droits dus à la maison de Ruthie , seigneurs et dames d'icelle ; de leur côté, les créanciers reconnaissent leurs maisons mouvantes de la directité de la maison noble de Ruthie ; ils y déclarent qu'ils ont accoutumé de payer annuellement aux seigneurs et dames de ladite maison, des redevances en grains et de faire des journées de travail pour faucher les prés et sarcler les bleds; ils ajoutent qu'ils satisferont en outre à tous autres devoirs d'emphytéotes, tenanciers et fivatiers, suivant et conformément à la coutume; c'est-à-dire qu'ils se soumettent à la juridiction du seigneur, suivant les art. 1er. et 2, titre 10 de la coutume, à payer des droits de lods et ventes, conformément aux articles 2 et 3 , titre 18, et à la banalité, d'après l'art. 3 , tit. 12; — Qu'il résulte de-là, que ces redevances sont seigneuriales , ou, qu'en tout cas, elles sont entachées de féodalité ; — Considérant que c'est en vertu du droit de banalité conservé par la coutume et exercé par l'auteur du sieur de Ruthie, qu'il a été jugé en 1747, par sentence de la cour de Les carre , confirmée le 5 Juillet 1757 par arrêt du parlement de Pau , que le moulin construit par quelques-uns des auteurs des demandeurs serait démoli ; qu'il fut donné acte au sieur de Ruthie de la déclaration par lui faite qu'il 11e prenait pas la qualité indéfinie de seigneur, et qu'il fût maintenu en la qualité de seigneur féodal et direct des maisons et dépendances comprises dans les reconnaissances ; que défenses furent faites aux tenanciers de reconnaître d'autre seigneur direct et féodal, pour raison desdites maisons et dépendances; enfin , qu'on leur enjoignit de porter au sieur de Ruthie le respect qui lui était dû en sa qualité de seigneur; — Qu'en supposant non susceptible de contradiction tout ce que la Cour d'appel établit pour affaiblir ou pour détruire les conséquences qui sortent de là, contre le' sieur de Ruthie, celui-ci n'en devait cependant pas être plus heureux ; — En effet, l'esprit général de la législation relative à la suppression des droits féodaux; est d'en détruire toutes les 
traces, même dans ce qui, n'ayant pas pour base le pouvoir féodal, en réveillerait cependant l'idée par des stipulations qui en supposent l'existence, et qui ne pouvaient légalement émaner que de lui; que c'est aussi dans ce sens que s'expliquent et l'avis du conseil d'état du 13 messidor an 13, et le décret impérial du 23 avril 1807; — Considérant, dans l'espèce, qu'aux redevances en questions déclarées par les reconnaissances de 1628 et 1629, sont annexés des droits de lods et ventes, des droits de banalité et autres qui ne pouvaient légalement émaner que de la puissance féodale, et qui sont supprimés par les lois ; que dès-lors la Cour d'appel de Pau, en maintenant de ces redevances sous le prétexte que le sieur de Ruthie ne les possédait pas à titre de seigneur direct, est contrevenu à l'article 1er., et a faussement appliqué l'art. 2 de la loi du 17 juillet 1793 : — Casse, etc. 
", 27 février 1809. , Section civile. 
101,253," sur les conclusions de M. Lecoutour, substitut du procureur général; - Attendu , 1°. que l'on n'a aucun renseignement sur l'état et la position' des terrains contentieux, antérieurement à leur formation en étangs, ni sur les conventions qui ont pu avoir été passée lors de cette formation entre les propriétaires respectifs ; 2°. que l'arrêt dénonce a établi, en point de fait, que les étangs dont il s'agit exis1809.— exis1809.— Cahier. 
Ire. Part. — 32 
250 
Jurisprudence 
tent depuis un temps immémorial dans l'état où ils se rouvent, et que la réduction de l'étang du demtandeur en état de culture, ne peut s'effectuer entièrement qu'en faisant perdre à l'étang du défendeur 11 arpens en surface d'eau sur environ 27 dont il se compose; —Que d'après cela, et sans entrer dans l'examen, si le défendeur a pu , sous l'empire d'une coutume muette sur ce point, se libérer d'une servitude, ou l'acquérir parla prescription sans titre, les faits susenoncés ont dû suffire pour autoriser la Cour d'appel de Paris à refuser au demandeur le droit de changer cet état de choses aussi ancien, en nuisant a la propriété de son voisin; — Que l'art. 640 du Code Napoléon est étranger à l'espèce; car il ne s'agit point ni d'eaux qui découlent naturellement, et sans que la main de l'homme y ait contribué, du fonds supérieur au fonds inférieur, ni d'une digue formée par le défendeur pour s'y opposer ; mais il est question d'eaux que le demandeur veut rejeter par son fait sur le fonds voisin, dont les relais existent à la même hauteur depuis un temps immémorial:—Rejette, etc. 
", 30 août 1808. , Sect. civile.
105,257," sur les conclusions conformes de M. Pons, substitut du procureur-général; Considérant, quant aux contraventions à l'art. 15 de la loi du 25 ventôse an 11, que cet article prononce seulement la nullité des renvois et apostilles non écrits en marges, et qui ne sont pas signés ou paraphés, tant par le notaire que par les autres signataires; que le jugement attaqué ne pouvait donc pas suppléer une peine que la loi ne portait pas ; qu'ainsi il est régulier sous ce premier rapport ;— Considérant, sur la contravention à l'art. 16 , que ne soumettant pas à une amende de 50 fr. chaque contravention à cet article dans un seul et même acte, le jugement attaqué ne l'a pas violé , en s'abstenant de prononcer les trois amendes requises, et qu'il est d'autant plus raisonnable de douter que telle ait été la volonté du législateur, que le même article contient une aggravation de peines par les dommages-intérêts, et même la destitution, qu'il permet de prononcer lorsque la conduite du notai représente un caractère de fraude qui la rend plus répréhensible: —Rejette, etc. ", 24 avril 1809. :, Section civile. 
106,258," sur les conclusions conformes de M. Pons, substitut du procureur-général, vu les art. 6 et 9 de la déclaration de 1671, et les art. 3 et 8 de l'arrêté du Gouvernement, du 10 floréal an 11 ; et attendu qu'il est constant que les avoués avaient poursuivi et même obtenu des jugemens sur des appels de juges de paix, sans avoir consigné l'amende de fol-appel, et que le greffier avait, de son côté, expédié des jugemens, sans qu'il lui fût justifié de ladite consignation, ce qui les rendait passibles des peines prononcées par les dispositions de la déclaration du 21 mars 1671 ? dont l'exécution est ordonnée par l'art. 8 de l'arrêté du Gouvernement, du 10 floréal an 11 ; — Qu'il n'est pas permis aux tribunaux d'en refuser l'application par des considérations étrangères à la loi, et de faire des distinctions distinctions n'a pas faites: et qu'ainsi le tribunal de Confolens a commis une contravention formelle aux articles ci-dessus rappelés : — Casse, etc. 
", 8 mai 1809. , Section civile.
107,258," sur les conclusions conformes de M. Giraud, substitut du procureur-général; attendu que le Code Napoléon, au titré du divorce, a établi un droit nouveau et, une forme particulière et spéciale de procédure, principalement à l'égard des enquêtes ; qu'il n'a prescrit aucune désignation des témoins qui sont ou doivent être entendus en présence des parties , et que le demandeur ne s'est plaint d'aucune contravention à cette loi, qui fait la règle de la matière : — Rejette, etc. ", 3 mai 1809.,Section civile.
109,260," sur les conclusions conformes de M. Giraud, substitut du procureur - général ; vu l'art. 13 du lit. 2 de la loi du 24 août 1790, et la loi du 16 fructidor an 3 ; et attendu que la cour d'appel de Paris ayant été légalement avertie par les conclusions des parties, de l'existence d'un acte administratif, présenté comme libératoire, elle devait reconnaître la limite de ses pouvoirs, et se borner à statuer sur la question d'accomplissement de la condition conventionnelle et de l'exigibilité de la créance litigieuse, qui seule était du domaine judiciaire : — Qu'en passant outre et prononçant une condamnation absolue et actuelle au paiement de ladite créance avant qu'il ait été compétemment statué sur l'effet de la libération que le demandeur fait résulter de l'acte administratif, ladite cour a excédé ses pouvoirs et porté atteinte à l'autorité administrative : — Casse, etc. ", 16 mai 1809. , Section civile. 
110,261," vu les lois des 5 thermidor an 4, 15 fructidor an 5 et 11 frimaire an 6, l'article 1907 du Code Napoléon et l'article 5 de la loi du 3 septembre 1807, et considérant qu'il résulte de ces lois que les parties avaient, le 19 fructidor an 7, toute liberté de faire les stipulations qu'elles jugeaient convenables en matière d'intérêt ; que l'intérêt conventionnel a pu excéder celui de la loi jusqu'à la loi du 3 septembre 1807, et que celle-ci a encore déclaré ne rien innover aux stipulations d'intérêts faites antérieurement par contrats ou autres actes; — d'où il suit que l'arrêt du 20 juillet 1807 a fait une fausse application des lois anciennes, et est contrevenu aux lois citées : — Casse, etc. ", 3 mai 1809. , Section civile.
116,267," sur les conclusions conformes de M. Pons , substitut du procureur général ; — Vu l'article 813 du Code Napoléon , qui charge le curateur à une succession vacante de ce faire "" verser les deniers provenans du prix des meu"" bles ou immeubles vendus, dans la caisse du "" receveur de la régie nationale , pour la con"" servation de droits, et à la charge de rendre "" compte à qui il appartiendra; ""—Et attendu que l'exécution de cet article est d'intérêt public, ayant pour objet d'assurer les droits de la Nation et ceux des créanciers, intérêt qui est compromis , quand les deniers dont il-, s'agit sont aux mains d'une personne qui peut devenir insolvable insolvable — Que Bourdier avait été saisi par un acte authentique, du prix provenant de la vente des meubles de la succesion vacante Damôur; que dès-lors les commandemens à lui faits par le curateur de verser le prix dans la caisse de la régie,, n'avaient rien d'irrégulier, et d'autant moins que la régie faisait au curateur même des commandemens de faire opérer ce versement; que quand la Cour dp Bordeaux eût trouvé les commandemens faits à la requête du curateur irréguliers, elle eût dû faire, droit sur ses conclusions et sur celles de la régie, tendantes à faire ordonner un versement exigé par l'art. 813 du Code Napoléon ; qu'admettre des exceptions de chicane contre l'exécution d'un article aussi précis et aussi important, c'est contrevenir évidemment à cet article ; — Casse, etc. 
", 6 juin 1809. , Section civile. 
117,268," — sur les conclusions conformes de M. Giraud, substitut de M. le procureurgénéral; vu l'article 75 de la constitution de l'an 8 , et le décret impérial du 28 messidor an 13; et attendu qu'il résulte du procès-verbal dressé par Jean-Baptiste Rolland , contrôleur des droits réunis, assisté d'un préposé de la Régie et d'un commissaire de police, le 12 février 1807 , et dûment affirmé , que c'est à raison d'un fait relatif à l'exercice de ses fonctions que ledit Rolland a été poursuivi et condamné par les jugemens du juge de paix du second arrondissement de la ville de Bruges , des 14 avril et 5 mai 1807, sans que ces poursuites eussent été autorisées en conformité de la loi et du décret impérial précités; — Casse, etc. ", 12 juin 1809. , Section civile. 
119,269," — Sur les conclusions de M. Thuriot, substitut du procureur-général; Vu les art. 12 et 19 de la loi du 13 brumaire an 7, ainsi conçus : 
12. ""Sont assujétis aux droits de timbre établi "" en raison, de la dimension , 1°. les actes des "" notaires, et les extraits, copies et expéditions "" qui en seront délivrés ; "" 
19. "" Les notaires, greffiers, arbitres et secré"" taires des administrations , ne pourront em"" ployer pour les expéditions qu'ils délivreront, "" de papier timbré d'un format inférieur à celui "" appelé moyen papier, et dont le prix est fixé à "" 75 centimes la feuille ; "" 
Le paragraphe 4 de l'article 26, qui prononce une amende de 50 francs pour, contravention à l'art. 19 de la part des officiers et fonctionnaires publics y dénommés ; 
Et attendu que le jugement attaqué, en prononçant seulement une amende de 10 fr. contre le notaire Barthelemi dans le cas ci-dessus , a violé ces diverses dispositions de la loi, casse et annulle le jugement du tribunal civil de l'arrondissement de Vic, du 7 novembre 1800, etc. 
", 23 mai 1808. , Section civile. 
123,275," — Sur les conclusions de M. Pons, substitut du procureur - général,— Vu l'article 2 de la loi du 5 septembre 1807, et les articles 2098, 2101 et 2102 du Code Napoléon ; — et considérant que, d'après les lois des 18 germinal an 7 et 5 septembre 1807, le trésor public a, pour le recouvrement des frais de justice eu matière criminelle, correctionnelle et de police, un privilège sur les meubles et effets mobiliers des condamnés, et que dans la classe des biens de cette nature doivent se ranger les loyers et fermages qui leur sont dus; — Considérant, en second lieu, que Décarreaux , quoique reconnu créancier par un jugement antérieur à celui qui avait condamné aux fers son débiteur, n'avait cependant acquis aucun droit sur les objets saisis, avant l'existence du privilège de la Régie sur ces mêmes objets, puisque ses exécutions n'avaient eu lieu que postérieurement à l'arrêt qui adjugeait à la Régie les frais qui lui sont dus par privilège; — Considérant enfin, que la créance de Décarreaux, qui avait pour cause une vente de cuirs , n'appartenait à aucune des espèces des créances mentionnées dans les articles 2101 et 2102 du Code Napoléon, auxquelles, selon la loi du 5 septembre 1807, donne la préférence sur le trésor public, lorsqu'il s'élève un combat de privilèges sur les meubles et effets des condamnés; d'où il suit, qu'en admettant, dans ces circonstances, le concours entre le privilège du trésor public et la créance de Décarreaux, le tribunal de Bayeux est formellement contrevenu aux dispositions de la loi du 5 septembre 1807 : — Casse, etc. 
", 6 juin 1809. , Section civile. 
128,282," sur les conclusions, de M. Jourde, — Vu l'art, 6 de la loi du 15 fructidor an 4, et l'art. 11 de celle du 5 frimaire an 6 ; — Considérant que le prix du bail n'était exigible pour l'an 4, que dans le courant du mois de nivose an 5 ; que le prétendu paiement fait à compte des fermages par le fermier, et dont il n'est cependant pas justifié, est fait par anticipation ; conséquemment déclaré nul et de nul effet par les lois ci-dessus citées ; que cependant le jugement attaqué décharge le fermier de l'effet de la contrainte décernée contre lui par la régie ; d'où il suit que ce jugement viole les lois invoquées par la régie ; — donne défaut contre Corneille O ; et pour le profit, — casse et annulle, etc. ", 4 juillet 1808. ," Sestion civile, "
129,285," — sur les conclusions conformes de M. Giraud, substitut du procureurgénéral ; — Vu la loi 1re. , au Code commun, de legat. ; la loi 80, ff. de legat. 2°., et les articles 1014 et 1017 du Code Napoléon; — Et considérant que , dans l'espèce jugée par l'arrêt dénoncé , la question qu'il s'agissait de décider a été ainsi posée par la Cour, d'appel ; JeanMarie JeanMarie est-il débiteur personnel de la somme réclamée par les appelans ? — Que , dans le fait, ledit Jean-Marie Verdat était légataire dans la succession du père commun , d'un domaine , avec la charge expresse de payer à son. frère , Pierre-Geoffroi , la somme de 5000 liv. , faisant partie d'un legs de 10,000 liv. fait à ce dernier , legs pur et simple et sans aucune condition ; — Considérant qu'il est établi au procès, et les juges d'appel ont reconnu euxmêmes que non-seulement Jean-Marie Verdat n'avait aucunement répudié le legs d'immeubles que lui avait fait son père, avec la charge, des 5000 liv. léguées à son frère, niais qu'il s'était mis en possession des choses léguées aussitôt après l'ouverture de la succession de son père , et qu'il en avait joui , soit par le ministère de son curateur, soit par lui personnellement avant son émigration ; que, d'après ces faits, la réponse à la question que s'était formée la Cour d'appel, Jean-Marie Verdat est-il débiteur personnel , ne pouvait être qu'affirmative , puisque c'est un principe consacré par les lois précitées , que le légataire particulier est tenu, de même que l'héritier du légataire universel , tant personnellement qu'hypothécairement, d'acquitter la charge imposée sur le legs qui lui a été fait; — Considérant, en second lieu , que le legs en argent fait à Pierre-Geoffroi Verdat étant pur et simple , le droit du légataire à la chose léguée lui fut acquis dès le jour du décès du testateur, et que , dès ce moment, le legs fut transmissible à ses héritiers , conformément à la disposition des lois précitées ; que si les évènemens survenus après l'ouverture de la succession , ensuite de l'émigration, soit du légataire., soit du débiteur du legs , ont pu en différer l'exécution , le droit de l'exiger n'en est pas moins resté aux héritiers de ce légataire ; d'où il suit que la Cour d'appel a ouvertement contrevenu aux lois précitées , lorsqu'elle a dénié à ses héritiers l'action personnelle contre le débiteur du legs , sous le vain prétexte que le legs n'avait pu être payé ni avant la mort du légataire, attendu sa majorité, ni après sa mort, attendu la main-mise nationale sur les biens sujets au paiement du legs : — Casse, etc. 
", 17 mai 1809. , Section civile. 
130,287," — Vu les art. 11, 68 et 69 de la loi du 22 frimaire an 7 ; —Attendu, en droit, qu'il résulte de l'art. 11 de la loi du 22 frimaire 3117, que toute disposition dans un acte soit civil, soit judiciaire ou extrajudiciaire, donne ouverture à un droit particulier d'enregistrement , lorsque cette disposition est indépendante, et qu'elle ne dérive pas nécessairement d'autres dispositions exprimées dans l'acte ; — Attendu, en fait, qu'indépendamment du règlement de communauté entre la mère et les enfans Mortémard, l'acte du 28 fructidor an 13 contient encore deux autres dispositions indépendantes , et qui ne dérivaient pas nécessairement dudit acte;—la première, celle par laquelle les enfans se sont libérés envers leur mère d'une année de douaire et des frais funéraires qui étaient une charge,de la succession de Mortémard père ; — la seconde, par laquelle les enfans ont délégué à leur mère, à prendre sur une créance à terme, une somme qui excédait celle qu'elle avait droit d'y prétendre comme commune : — Par ces motifs, — la Cour donne défaut contre Susanne -Victor Lesieur , veuve Mortémard, non comparante ; en statuant au principal , — Casse et annulle le jugement rendu par le tribunal civil de Melun, le 20 juillet 1806, etc. 
", 4 juillet 1808. , Section civile. 
131,291," sur les conclusions de M.Thuriot, subst.-proc.-gén. ; —Vu l'art. 8 de la loi du 28 août 1792 ; —Considérant qu'aucune des pièces produites par les communes défenderesses et visées dans la sentence arbitrale, ne justifie d'aucun droit à la propriété et possession du terrain appelé la forêt des Voyes ; que cette sentence établit que l'auteur des demandeurs n'était pas seigneur des communes composant le mandement de Réaumont, et qu'il est justifié par titres que le domaine dont il s'agit était une propriété de la couronne ; qu'ainsi, sous tous les rapports, les arbitres ont contrevenu et ont fait une fausse application de la loi du 28 août 1792 : — Casse, etc. v ", 20 juin 1808.,Section civile.
132,291," vu l'article 8 de la loi du 18 pluviôse an 9, l'article 456 du Code des délits et des peines : Attendu qu'aucune loi n'a donné compétence aux Cours de justice criminelles spéciales pour connaître de simples rixes, violences et voies de fait, quelque part qu'elles aient lieu , lorsqu'elles ne se rattachent à aucun crime de vol ou d'assassinat. 
Attendu que l'article 8 de la loi citée ne se rapporte qu'aux vols qui peuvent être commis sur les grandes routes, et seulement aux violences et voies de fait qui peuvent avoir facilité le vol ou en avoir été la suite, mais non aux simples violences ou voies de fait indépendamment de tout autre crime ; en ce que la connaissance des violences et voies de fait n'appartient aux Cours spéciales qu'accessoirement et lorsqu'il y' a vol sur une grande route. 
Attendu qu'en tenant pour bien prouvés les faits consignés dans l'arrêt du 15 de ce mois, il n'en résulte qu'une prévention de simple rixe , violences et voies de fait qui n'avaient pour objet aucun vol et autres crimes rentrant dans la compétence des Cours spéciales : — Casse, etc. 
", 23 mars 1809. ,:Sect. crim
133,292," sur les conclusions de M. Thuriot, substitut du proc.-gén. ; — Vu l'art, 56 de la loi du 5 ventôse an 12, ainsi conçu : ce Il >> sera payé lors de la vente des vins un droit >> de 4° centimes par hectolitre. >> : — Attendu De la Cour de Cassation. 289 
que la loi établit le droit sur la vente actuelle des vins , et non sur la récolte , et qu'ainsi ce droit est dû par le vendeur, quelle que soit l'année où le raisin ait été récolté ; — Qu'ainsi les juges de Narbonne ont introduit, au préjudice du fisc , une distinction qui n'était ni dans la lettre de la loi, ni dans l'esprit du législateur — Qu'au surplus ils ont outre-passé leurs pouvoirs , en reconnaissant la fixation de contenue donnée au muid de Narbonne par l'autorité administrative; — Casse, etc. 
", 8 juin 1808. ,Section civile. ■
134,293," sur les conclusions de M. Lecoutour , substitut du procureur-général ; — Vu la loi du 16 fructidor an 3;— Considérant que l'évaluation de la jauge dite mâconnaise ne pouvait être faite que par une mesure générale et par voie d'administration publique ; que le tribunal d'arrondissement de Villefranche, eu réduisant chaque pièce mâconnaise à 2 hectolitres 12 litres , si mieux n'aimait la régie procéder judiciairement à la jauge de ladite pièce par experts , a commis un excès de pouvoir et violé la loi citée. —Par ce motif, casse et annulle le chef du jugement du tribunal de l'arrondissement de Villefranche, par lequel ce tribunal a réduit la pièce mâconnaise à 2 hectolitres 12 litres , si mieux n'aime la régie faire procéder a la jauge de ladite pièce par experts , etc. 
", 28 juin 1808. , Section civile. 
138,306," — sur les conclusions conformes de M. Merlin , proc.-gén. ; — Attendu que l'institution d'héritier universel faite par le testament du 29 prairial an 6 , était nulle d'après les lois de brumaire et nivose an 2, parce que la testatrice avait des héritiers légitimes qui étaient appelés à sa succession ; que cette institution, nulle dans son principe, n'était même pas réductible à la quotité disponible , soit parce que la testatrice qui vivait à cette époque, aurait dû refaire son testament et réduire ellemême ses dispositions aux termes de la loi, soit parce qu'elle ne pouvait pas avantager un de ses successibles , ainsi que s'en explique formellement l'art, 47 de la loi du 22 ventôse an 2 ; — Attendu que , par le second testament ou codicile du 1er. jour complémentaire an 9 , la testatrice qui avait la faculté, d'après la loi du 4 germinal an 8 , de disposer d'une plus forte quotité de ses biens , que celle fixée par la loi de nivose an 2 , et qui pouvait faire cette disposition en faveur d'un de ses successibles , nonseulement n'a pas réduit sa disposition, en faveur du demandeur, à la quotité déterminée par la loi de germinal au 8: mais loin d'en manifester l'intention , elle a au contraire déclaré expressément qu'elle voulait que toutes les dispositions de son premier testament fussent exécutées dans toute leur teneur, et qu'elle instituait Louis Lamothe pour son héritier général et universel, au lien et place de Mathieu Lamothe, qui était décédé depuis le premier testament ; — Attendu que la loi du 4 germinal an 8 s'est bornée à augmenter les quotités disponibles; qu'elle a permis de faire les dispositions en faveur de successibles; qu'elle a dit que toutes libéralités qui seraient faites, soit par acte entre-vifs, soit par acte de dernière volonté, dans les formes légales , seraient valables lorsqu'elles n'excéderaient pas les quotités disponibles; et qu'on ne peut induire d'aucune de ses dispositions , qu'elle ait abrogé les lois précédentes , et notamment l'art. 47 de celle du 22 ventose an 2 , en ce qu'elles prononçaient la nullité intégrale et la non-réductibilité des institutions d'héritier universel, qu'elles avaient prohibées; — d'où il suit qu'en annullant pour le tout l'institution universelle dont il s'agit, la Cour d'appel d'Agen n'a ni faussement appliqué les lois de l'an 2 , ni violé celle du 4 germinal an 8 ; — Rejette, etc. 
", 26 juin 1809.,Section civile.
143,344," vu les articles 757 et 913 du Code Napoléon : — Et attendu que., par les dispositions combinées de ces deux articles du Code, le législateur, en circonscrivant dans de justes limites les droits de l'enfant naturel sur les biens de ses père et mère, a voulu leur donner en même temps une base assurée, et qui fût indépendante de tout arbitraire ; une base de laquelle il pût résulter , dans tous les cas , une valeur proportionnelle à la quotité disponible ou indisponible des biens délaissés par les père et mère de l'enfant naturel; de manière que si, d'un côté, toute prétention exagérée était désormais condamnée au silence , il ne fût pas permis, d'un autre côté, de méconnaître la juste mesure des obligations naturelles qu'impose la paternité;—Que ces principes sont consacrés de la manière la plus expresse par la règle tracée par l'art. 757, où il est dit : "" Le droit de l'eu>> fant naturel sur les biens de ses père et mère >> décédés, est d'un tiers de la portion hérédi>> taire qu'il aurait eue s'il eût été légitime >> ; — Que, pour exécuter cette disposition de la loi; dans l'intérêt de l'enfant naturel, il faut l'admettre momentanément au nombre des enfans légitimes, et le faire concourir figurativement avec eux , de manière que , s'il n'existe qu'ira enfant légitime, il doit être procédé comme s'il y en avait deux; et s'il y en a deux, comme s'il y en avait trois, etc., etc. ; car tel eût été le nombre des légitimaires qui auraient concouru à la fixation de De la Cour de Cassation. 
341 
la portion héréditaire , si l'enfant naturel eût été légitime : ce serait évidemment y contrevenir que d'opérer d'une autre manière; —Que, par l'effet d'une telle contravention, on porterait une atteinte manifeste aux droits de l'enfant naturel, puisqu'en diminuant le nombre des enfans légitimes ou réputés tels , à l'effet de fixer la portion héréditaire , on diminuerait pareillement la quotité de biens non disponibles , sur laquelle doit être prise cette portion héréditaire dont le tiers appartient à l'enfant naturel'; — Que, dans l'espèce jugée par l'arrêt dénoncé, où il y avait un enfant légitime et un enfant naturel , la règle tracée par l'art. 757 exigeait donc qu'on opérât, pour la fixation de la portion héréditaire, comme s'il y avait eu deux enfans légitimes ; et dans ce cas la quote non disponible sur laquelle aurait été prise la portion héréditaire de chacun des légitimaires, eût été, suivant l'art. 913 du Code, des deux tiers de l'universalité des biens : ainsi chacun des légitimaires aurait eu pour sa part un tiers de tous ies biens; ainsi l'enfant naturel, auquel il revenait un tiers de ce tiers, aurait eu un neuvième de la succession : — Considérant que la cour d'appel n'a cependant accordé à Jean-Baptiste Picot qu'un douzième de l'universalité des biens composant l'hérédité de son père, pour lui tenir lieu de tons ses droits dans la succession ; que les juges de cette Cour ont été conduits à ce résultat par l'effet d'une infraction évidente à la règle tracée dans l'art..767 de ce Code, en ce que , au lieu de fixer la portion héréditaire, comme si l'enfant naturel eût été légitime , c'est-à-dire comme s'il y avait eu réellement deux enfans légitimes, ce qui aurait élevé la quote non disponible aux deux tiers de la succession, ils n'ont eu égard dans leurs opérations qu'à l'existence d'un seul enfant légitime, et dès-lors la quote des biens non disponibles n'étant que de la moitié de la succession, suivant l'art. 913 du Code, la portion héréditaire de chacun des deux enfans, prise sur cette moitié, n'a plus été que le quart de la totalité ; et par conséquent le tiers afférent à l'enfant naturel n'a plus été, dans ce calcul, que le douzième de la succession ; — Considérant que cette opération, quoique régulière en ellemême par l'exactitude des calculs, a eu pour base une contravention évidente à la disposition de l'article 767 du Code, et qu'elle présente en même temps une fausse application de l'art. 913: — Casse, etc. 
", 26 juin 1809.,Section civile. 
147,384," sur les conclusions conformes de M. Giraud, substitut du procureur-général ; vu la loi transitoire du 14 floréal an 11, et les articles 334, 340 , 1317 , 1319 et 1320 du Code Napoléon ; — Et attendu, 1°. que la déclaration sous signatute privée dont il s'agit, faite à la Réole, transmise depuis à la municipalité de Bordeaux, n'est ni un acte émané de cette municipalité elle-même, ni un acte reçu par un officier public qui eût la qualité pour lui imprimer un caractère d'authenticité tel qu'il dût faire foi jusqu'à inscription de faux; que la non-authenticité en est même avouée par l'arrêt attaqué , puisqu'il soumet à une vérification en justice , et la signature du feu sieur Gombault, et celle du préposé pour la réception des déclarations sur l'emprunt forcé, vérification qui n'aurait pas pu avoir lieu, si l'acte avait été authentique ; — Qu'ainsi , en attribuant à cette déclaration l'effet d'une reconnaissance par acte authentique, l'arrêt attaqué est contrevenu aux articles 334 et 1317 du Code Napoléon ; — Attendu, 2°. que le feu sieur Gombault n'avait évidemment en vue que l'emprunt forcé auquel il était soumis par la loi, et qui a fait l'objet de cette déclaration; que l'énonciation relative à l'existence, soit de la femme Daurian, soit de tout autre individu qui aurait été à sa charge, étant étrangère à la disposition, ne pouvait servir que d'un commencement de preuve que la loi n'admet pas en matière de reconnaissance d'enfans nés hors mariage ; et qu'en transformant cette simple énonciation en reconnaissance positive de paternité, il a admis la. recherche de la paternité , interdite par l'article 340 du Code. Napoléon : — Casse, etc. 
", 16 mai 1809. , Section civile. 
157,427," vu les' articles 61 et 456 du Code de procédure civile , — Et attendu' qu'il conste , d'après les pièces jointes, que les sieurs Genin, ultimés, ne s'étaient constitués sur l'exploit que sous les réserves de leurs moyens de nullité, et qu'ils avaient conclu expressément, lors du jugement par défaut du 20 août 1808, à la nullité de l'exploit, sous le motif qu'il ne contenait pas élection de domicile chez un avoué, et que la personne constituée et qualifiée d'avoue n' en exerçait pas les fonctions, mais seulement celles d'avocat; que ce moyen de forme n'avait pas été couvert, puisque les parties y avaient persisté expressément, et n'avaient conclu au fond que stibsidiairement ; que l'adhésion au. jugement qui a écarté ce moyen , sous le prétexte de l'intention de l'appelant de se conformer au voeu de la loi, et de la réparation subséquente du vice de forme par la constitution réelle d'un avoué en titre, et de la signification faite à cet avoué, mais 424 
Jurisprudence 
avec réserve, ne peut mettre cet arrêt à l'abri de la cassation dans l'intérêt de la loi : — Casse, etc. 
", 4 septembre 1809. , Section civile. 
159,430," sur les conclusions de M. Pons, vu les art. 1289., 1290, 1291 et 1298 du Code Napoléon , desquels il résulte , 1°. que lorsque deux personnes sont débitrices l'une envers l'autre, il s'opère entre elles une compensation qui éteint les deux dettes ; — 2°. Que la compensation s'opère de plein droit par la seule force de la loi, même à l'insu des débiteurs; les deux dettes s'éteignant réciproquement à l'instant où elles se trouvent exister à-la-fois, jusqu'à concurrence de leurs quotités respectives ; — 3°. Que la compensation a lieu entre deux dettes de la même espèce, et qui sont également liquides et exigibles ; — 4°. Que la seule exception à ces règles est que la compensation n'a pas heu an préjudice des droits antérieurement acquis à un tiers; Et attendu , en fait, qu'avant la saisie pratiquée par Rampai, Lambert se trouvait créancier de Brun de sommes beaucoup plus fortes que celles qu'il devait lui-même à Brun , d'où était résultée , par la compensation , l'extinction de la créance de Brun; 
Attendu que Rampai n'a pu méconnaître celte vérité qu'en imaginant entre les parties signataires 
signataires l'acte privé du 16 juillet 1806, des conventions absolument différentes de celles énoncées dans cet acte ; qu'en supposant que, par ces conventions , il avait été fait avec Brun, et uniquement avec lui , un traité dont il n'y est pas dit un seul mot ; eu supposant enfin que les conventions stipulées dans cet acte n'intéressaient poiut la veuve Saint-Sauveur, au nom de laquelle cependant Brun se disait agir; et quoique cette même convention soit terminée par ces mots, qui indiquent assez que la veuve SaintSauveur y était la principale intéressée : "" A l'effet de quoi ladite Jeanne Rampal, veuve Saint-Sauveur-Brun , interviendra dans le procès-verbal d'ordre , ou dans l'acte de quittance, pour donner tous les consentemens à cet effet nécessaires , que ledit André Brun donne pour elle dès-à-présent. "" 
Attendu que les créances opposées étaient toutes les deux liquides et exigibles, que par conséquent les juges ne pouvaient méconnaître la compensation qui s'était opérée de plein droit avant l'époque de la saisie-arrêt dont il s'agit , sans contrevenir aux art. précités du Code Napoléon : — Casse , etc. 
", 14 août 1809. , Section civile. 
163,433," — Sur les conclusions conformes de M. Pons , substitut du procureur-général ; vu l'art. 4 de la loi des 7 et 18 février 1791 ; — Et considérant qu'il a toujours été de principe que les frais de la quittance sont à la charge de celui qui l'exige ; que la quittance est un titre exclusivement à l'avantage et à la décharge de celui qui paie; que lui seul peut s'en servir, et qu'ainsi, à tous égards, quand il s'en sert, c'est à lui qu'il incombe particulièrement de fournir le papier timbré nécessaire pour écrire la quittance ; ou de payer l'amende encourue ; d'où il suit que le tribunal de Gaillac a faussement appliqué l'art. 14, et est contrevenu à l'art. 4 de la loi de février 1791 : — Casse , etc. ", 28 août 1809. , Section civile. 
